{"cameraMode":{"drawMode":0,"name":"Shaded","section":"Shading Mode"},"sceneLighting":true,"audioPlay":false,"sceneViewState":{"m_AlwaysRefresh":false,"showFog":true,"showSkybox":true,"showFlares":true,"showImageEffects":true,"showParticleSystems":true,"showVisualEffectGraphs":true,"m_FxEnabled":true},"in2DMode":false,"pivot":{"x":-0.7366714477539063,"y":0.4997100830078125,"z":-4.475166320800781},"rotation":{"x":-0.2607479691505432,"y":0.32549041509628298,"z":-0.09388174116611481,"w":-0.9040238261222839},"size":113.84017181396485,"orthographic":false}